{"cameraMode":{"drawMode":0,"name":"Shaded","section":"Shading Mode"},"sceneLighting":false,"audioPlay":false,"sceneViewState":{"showFog":true,"showMaterialUpdate":false,"showSkybox":true,"showFlares":true,"showImageEffects":true,"showParticleSystems":true},"in2DMode":false,"pivot":{"x":-0.06994384527206421,"y":0.13560569286346436,"z":0.15024057030677796},"rotation":{"x":-0.10191469639539719,"y":0.8673949837684631,"z":-0.19880804419517518,"w":-0.4446513056755066},"size":1.4949662685394288,"orthographic":false}