{"cameraMode":{"drawMode":0,"name":"Shaded","section":"Shading Mode"},"sceneLighting":false,"audioPlay":false,"sceneViewState":{"showFog":true,"showMaterialUpdate":false,"showSkybox":true,"showFlares":true,"showImageEffects":true,"showParticleSystems":true},"in2DMode":false,"pivot":{"x":-0.0030896030366420748,"y":0.015450180508196354,"z":0.001108568161725998},"rotation":{"x":-0.10191469639539719,"y":0.8673949837684631,"z":-0.19880804419517518,"w":-0.4446513056755066},"size":0.41540729999542239,"orthographic":false}