{"cameraMode":{"drawMode":0,"name":"Shaded","section":"Shading Mode"},"sceneLighting":false,"audioPlay":false,"sceneViewState":{"showFog":true,"showMaterialUpdate":false,"showSkybox":true,"showFlares":true,"showImageEffects":true,"showParticleSystems":true},"in2DMode":false,"pivot":{"x":-0.008929751813411713,"y":-0.16926375031471253,"z":-0.015796244144439698},"rotation":{"x":-0.10191469639539719,"y":0.8673949837684631,"z":-0.19880804419517518,"w":-0.4446513056755066},"size":0.7799588441848755,"orthographic":false}