{"cameraMode":{"drawMode":0,"name":"Shaded","section":"Shading Mode"},"sceneLighting":true,"audioPlay":false,"sceneViewState":{"showFog":true,"showMaterialUpdate":false,"showSkybox":true,"showFlares":true,"showImageEffects":true,"showParticleSystems":true},"in2DMode":false,"pivot":{"x":1696.6666259765625,"y":158.99998474121095,"z":0.0},"rotation":{"x":0.08718912303447724,"y":-0.014947078190743924,"z":0.0013083722442388535,"w":0.9960787892341614},"size":773.3413696289063,"orthographic":false}