{"cameraMode":{"drawMode":0,"name":"Shaded","section":"Shading Mode"},"sceneLighting":false,"audioPlay":false,"sceneViewState":{"showFog":true,"showMaterialUpdate":false,"showSkybox":true,"showFlares":true,"showImageEffects":true,"showParticleSystems":true},"in2DMode":false,"pivot":{"x":191.99215698242188,"y":160.93003845214845,"z":39.5265007019043},"rotation":{"x":-0.27923083305358889,"y":0.15384913980960847,"z":-0.045376669615507129,"w":-0.9467320442199707},"size":22.0,"orthographic":false}