{"cameraMode":{"drawMode":0,"name":"Shaded","section":"Shading Mode"},"sceneLighting":false,"audioPlay":false,"sceneViewState":{"showFog":true,"showMaterialUpdate":false,"showSkybox":true,"showFlares":true,"showImageEffects":true,"showParticleSystems":true},"in2DMode":false,"pivot":{"x":-0.3319999575614929,"y":0.1550000011920929,"z":0.02499999850988388},"rotation":{"x":-0.06476261466741562,"y":0.9308330416679382,"z":-0.20308536291122437,"w":-0.2968367636203766},"size":1.2752915620803834,"orthographic":false}