{"cameraMode":{"drawMode":0,"name":"Shaded","section":"Shading Mode"},"sceneLighting":true,"audioPlay":false,"sceneViewState":{"showFog":true,"showMaterialUpdate":false,"showSkybox":true,"showFlares":true,"showImageEffects":true,"showParticleSystems":true},"in2DMode":false,"pivot":{"x":1285.283935546875,"y":241.96054077148438,"z":8.30615234375},"rotation":{"x":0.033978648483753207,"y":0.9348121881484985,"z":-0.09314239770174027,"w":0.341022253036499},"size":2060.229248046875,"orthographic":false}