{"cameraMode":{"drawMode":0,"name":"Shaded","section":"Shading Mode"},"sceneLighting":false,"audioPlay":false,"sceneViewState":{"showFog":true,"showMaterialUpdate":false,"showSkybox":true,"showFlares":true,"showImageEffects":true,"showParticleSystems":true},"in2DMode":false,"pivot":{"x":4.960062026977539,"y":39.60919952392578,"z":33.19140625},"rotation":{"x":-0.06476261466741562,"y":0.9308330416679382,"z":-0.20308536291122437,"w":-0.2968367636203766},"size":40.15617370605469,"orthographic":false}