{"cameraMode":{"drawMode":0,"name":"Shaded","section":"Shading Mode"},"sceneLighting":false,"audioPlay":false,"sceneViewState":{"showFog":true,"showMaterialUpdate":false,"showSkybox":true,"showFlares":true,"showImageEffects":true,"showParticleSystems":true},"in2DMode":false,"pivot":{"x":-0.2010444551706314,"y":-0.11909553408622742,"z":0.23910832405090333},"rotation":{"x":-0.27923083305358889,"y":0.15384913980960847,"z":-0.045376669615507129,"w":-0.9467320442199707},"size":0.9425193667411804,"orthographic":false}