{"cameraMode":{"drawMode":0,"name":"Shaded","section":"Shading Mode"},"sceneLighting":false,"audioPlay":false,"sceneViewState":{"showFog":true,"showMaterialUpdate":false,"showSkybox":true,"showFlares":true,"showImageEffects":true,"showParticleSystems":true},"in2DMode":false,"pivot":{"x":-0.04753410816192627,"y":0.10327738523483277,"z":0.06252622604370117},"rotation":{"x":-0.10599015653133393,"y":0.8733974099159241,"z":-0.21958498656749726,"w":-0.42157503962516787},"size":0.46398454904556277,"orthographic":false}