{"cameraMode":{"drawMode":0,"name":"Shaded","section":"Shading Mode"},"sceneLighting":false,"audioPlay":false,"sceneViewState":{"showFog":true,"showMaterialUpdate":false,"showSkybox":true,"showFlares":true,"showImageEffects":true,"showParticleSystems":true},"in2DMode":false,"pivot":{"x":1761.3385009765625,"y":142.6152801513672,"z":-59.4918212890625},"rotation":{"x":0.019693033769726754,"y":0.9796043038368225,"z":-0.1214107945561409,"w":0.15889328718185426},"size":350.01788330078127,"orthographic":false}